{
  "@microsoft/generator-sharepoint": {
    "plusBeta": false,
    "isCreatingSolution": true,
    "nodeVersion": "18.17.1",
    "sdksVersions": {
      "@microsoft/microsoft-graph-client": "3.0.2",
      "@microsoft/teams-js": "2.12.0"
    },
    "version": "1.18.2",
    "libraryName": "multi-list-search-functionlity",
    "libraryId": "4e89a004-8afe-41fe-8787-3777862eed5a",
    "environment": "spo",
    "packageManager": "npm",
    "solutionName": "MultiListSearchFunctionlity",
    "solutionShortDescription": "MultiListSearchFunctionlity description",
    "skipFeatureDeployment": true,
    "isDomainIsolated": false,
    "componentType": "webpart"
  }
}
