{
  "$schema": "https://developer.microsoft.com/json-schemas/spfx-build/package-solution.schema.json",
  "solution": {
    "name": "multi-list-search-functionlity-client-side-solution",
    "id": "4e89a004-8afe-41fe-8787-3777862eed5a",
    "version": "1.0.0.0",
    "includeClientSideAssets": true,
    "skipFeatureDeployment": true,
    "isDomainIsolated": false,
    "developer": {
      "name": "",
      "websiteUrl": "",
      "privacyUrl": "",
      "termsOfUseUrl": "",
      "mpnId": "Undefined-1.18.2"
    },
    "metadata": {
      "shortDescription": {
        "default": "MultiListSearchFunctionlity description"
      },
      "longDescription": {
        "default": "MultiListSearchFunctionlity description"
      },
      "screenshotPaths": [],
      "videoUrl": "",
      "categories": []
    },
    "features": [
      {
        "title": "multi-list-search-functionlity Feature",
        "description": "The feature that activates elements of the multi-list-search-functionlity solution.",
        "id": "5d64fcac-fb99-4450-a10a-94ed1b4e1a08",
        "version": "1.0.0.0"
      }
    ]
  },
  "paths": {
    "zippedPackage": "solution/multi-list-search-functionlity.sppkg"
  }
}
