<?xml version="1.0" encoding="utf-8"?><App xmlns="http://schemas.microsoft.com/sharepoint/2012/app/manifest" Name="multi-list-search-functionlity-client-side-solution" ProductID="4e89a004-8afe-41fe-8787-3777862eed5a" SharePointMinVersion="16.0.0.0" IsClientSideSolution="true" Version="1.0.0.0" SkipFeatureDeployment="true" IsDomainIsolated="false"><Properties><Title>multi-list-search-functionlity-client-side-solution</Title><DeveloperProperties>{&quot;name&quot;:&quot;&quot;,&quot;websiteUrl&quot;:&quot;&quot;,&quot;privacyUrl&quot;:&quot;&quot;,&quot;termsOfUseUrl&quot;:&quot;&quot;,&quot;mpnId&quot;:&quot;Undefined-1.18.2&quot;}</DeveloperProperties><ShortDescription><LocalizedString CultureName="default">MultiListSearchFunctionlity description</LocalizedString></ShortDescription><LongDescription><LocalizedString CultureName="default">MultiListSearchFunctionlity description</LocalizedString></LongDescription><Screenshots></Screenshots></Properties></App>